20 Rue des Écoles, 54290 Bayon, France
54630 Flavigny-sur-Moselle, France
8 Rue de l'Église, 54129 Magnières, France
10 Rue du Grand Pré, 54360 Damelevières, France
1 Place du Gén Helle, 54122 Azerailles, France
89 Rue de Verdun, 54490 Piennes, France
1 Rue des Écoles, 54560 Audun-le-Roman, France
2 Place de L Hôtel de ville, 54790 Val de Briey, France
13 Place de la Mairie, 54910 Valleroy, France
9 Rue Jean Moulin, 54490 Piennes, France
Rue des Écoles, 54800 Mars-la-Tour, France
5 Place Neruda Allende, 54310 Homécourt, France
54800 Jarny, France
4 Place Saint-Pierre, 54110 Rosières-aux-Salines, France
2 Rue de la Mothe, 54110 Dombasle-sur-Meurthe, France
30 Avenue de la Malgrange, 54140 Jarville-la-Malgrange, France
14 Rue François Evrard, 54140 Jarville-la-Malgrange, France
7bis Rue Robert Damery, 54410 Laneuveville-devant-Nancy, France
2 Rue Jeannequin, 54410 Laneuveville-devant-Nancy, France
7bis Rue Robert Damery, 54410 Laneuveville-devant-Nancy, France
54110 Rosières-aux-Salines, France
Rue du Ctre, 54210 Saint-Nicolas-de-Port, France
Ecole Paulette Castelle, Rue Porte de Fer, 54210 Saint-Nicolas-de-Port, France
Ecole Paulette Castelle, Rue Porte de Fer, 54210 Saint-Nicolas-de-Port, France
8 Rue des Écoles, 54210 Ville-en-Vermois, France
26 Rue Porte de Fer, 54210 Saint-Nicolas-de-Port, France
54140 Jarville-la-Malgrange, France
18 Allée du Béarn, 54400 Longwy, France
18 Allée du Béarn, 54400 Longwy, France
10 Avenue Raymond Poincaré, 54400 Longwy, France
Rue de Marseille, 54350 Mont-Saint-Martin, France
1 Rue des Écoles, 54870 Cons-la-Grandville, France
Herserange, France
19 Rue de Longwy, 54720 Lexy, France
1 Rue Louise Michel, 54920 Morfontaine, France
54300 Rehainviller, France
5 Place des Carmes, 54300 Lunéville, France
54480 Cirey-sur-Vezouze, France
5 Rue des Jonquilles, 54300 Lunéville, France
56 Rue de Boudonville, 54000 Nancy, France
12 Rue Braconnot, 54000 Nancy, France
12 Rue Braconnot, 54000 Nancy, France
12 Rue Braconnot, 54000 Nancy, France
21 Boulevard Joffre, 54000 Nancy, France
7-27 Rue Saint-Fiacre, 54000 Nancy, France
7-27 Rue Saint-Fiacre, 54000 Nancy, France
16 Rue Alfred Mézières, 54000 Nancy, France
56 Rue de Boudonville, 54000 Nancy, France
100 Rue St Nicolas, 54000 Nancy, France
19 Rue Saint-Thiébaut, 54000 Nancy, France
106 Avenue de Strasbourg, 54000 Nancy, France
30 Rue Emile Gebhart, 54000 Nancy, France
7-27 Rue Saint-Fiacre, 54000 Nancy, France
7-27 Rue Saint-Fiacre, 54000 Nancy, France
101 Rue de Mon Désert, 54000 Nancy, France
6 Rue Victor Hugo, 54000 Nancy, France
56 Rue de Boudonville, 54000 Nancy, France
56 Rue de Boudonville, 54000 Nancy, France
12 Rue Braconnot, 54000 Nancy, France
9 Rue des États, 54000 Nancy, France
7-27 Rue Saint-Fiacre, 54000 Nancy, France
6 Rue Victor Hugo, 54000 Nancy, France
5 Rue Victor Hugo, 54520 Laxou, France
54320 Maxéville, France
5 Rue Victor Hugo, 54520 Laxou, France
4 Place des Ducs de Bar, 54000 Nancy, France
12 Rue Gustave Charpentier, 54000 Nancy, France
54320 Maxéville, France
54320 Maxéville, France
54320 Maxéville, France
7 Rue Louis Pergaud, 54520 Laxou, France
4 Place des Ducs de Bar, 54000 Nancy, France
4 Place des Ducs de Bar, 54000 Nancy, France
52 Boulevard Emile Zola, 54520 Laxou, France
54320 Maxéville, France
52 Boulevard Emile Zola, 54520 Laxou, France
52 Boulevard Emile Zola, 54520 Laxou, France
Rue Saint-Antoine, 54136 Bouxières-aux-Dames, France
54760 Faulx, France
4 Rue des Charmilles, 54250 Champigneulles, France
Rue de la Papeterie, 54250 Champigneulles, France
4 Rue des Charmilles, 54250 Champigneulles, France
34 Rue de la République, 54220 Malzéville, France
Eulmont, France
8 Rue Rameau, 54460 Liverdun, France
2 Rue de la Gare, 54670 Malleloy, France
16 bis Rue Geny, 54220 Malzéville, France
8 Rue du Général Leclerc, 54670 Custines, France
8 Rue Rameau, 54460 Liverdun, France
18 Rue Jean Jaurès, 54380 Dieulouard, France
2 Impasse de Lorraine, 54114 Jeandelaincourt, France
5 Rue Clemenceau, 54820 Marbache, France
4 Rue Albert Favelin, 54530 Pagny-sur-Moselle, France
66 Rue du 26ème Bataillon de Chasseurs À Pieds, 54700 Pont-à-Mousson, France
13 Rue de l'Institut Joseph Magot, 54700 Pont-à-Mousson, France
2 Rue Paul François, 54700 Pont-à-Mousson, France
Rue de la Haute Brin, 54280 Brin-sur-Seille, France
1 Rue du Chanoine Rolin, 54280 Champenoux, France
1 Rue du Chanoine Rolin, 54280 Champenoux, France
6 Rue Roger Berin, 54270 Essey-lès-Nancy, France
6 Rue Roger Berin, 54270 Essey-lès-Nancy, France
13 Allée Roland Garros, 54270 Essey-lès-Nancy, France
1Bis Rue Roger Berin, 54270 Essey-lès-Nancy, France
1 Rue des Fléoles, 54280 Seichamps, France
Rue Jean Macé, 54510 Tomblaine, France
Rue Jean Macé, 54510 Tomblaine, France
Rue du Luton, 54570 Foug, France
28 Avenue du Général Leclerc, 54200 Dommartin-lès-Toul, France
848 Rue Card Tisserand, 54200 Toul, France
Chemin des Écoliers, 77220 Tournan-en-Brie, France
2 Route de Moncel, 54170 Colombey-les-Belles, France
2 Route de Moncel, 54170 Colombey-les-Belles, France
15 Rue Neuve, 54200 Villey-Saint-Étienne, France
54200 Ménil-la-Tour, France
130 B Ancienne Rue de Saint-Michel, 54200 Toul, France
53 Rue Albert Denis, 54200 Toul, France
5 Rue Jules Ferry, 54570 Foug, France
54385 Domèvre-en-Haye, France
Rue des Grandes Murailles, 56000 Vannes, France
35bis Rue Etienne Olry, 54170 Allain, France
2 Place de Delft, 54500 Vandœuvre-lès-Nancy, France
2 Place de Delft, 54500 Vandœuvre-lès-Nancy, France
1 Avenue du Charmois, 54500 Vandœuvre-lès-Nancy, France
1 Avenue du Charmois, 54500 Vandœuvre-lès-Nancy, France
18 Rue de Lisbonne, 54500 Vandœuvre-lès-Nancy, France
79 Rue de Secours, 54710 Ludres, France
2 Rue du Morvan, 54500 Vandœuvre-lès-Nancy, France
4 Rue Paul Bert, 54500 Vandœuvre-lès-Nancy, France
79 Rue de Secours, 54710 Ludres, France
161 Rue Gabriel Péri, 54500 Vandœuvre-lès-Nancy, France
Allée de Cologne, 54500 Vandœuvre-lès-Nancy, France
243 Rue Hector Berlioz, 54710 Ludres, France
45 Rue Carnot, 54550 Maizières, France
4 Rue Maurice André, 54600 Villers-lès-Nancy, France
4 Rue Maurice André, 54600 Villers-lès-Nancy, France
10 Rue Pierre Mendès France, 54230 Chaligny, France
72 Chemin de la Poste, 54840 Bois-de-Haye, France
Place Ernest Poirson, 54230 Neuves-Maisons, France
14 Rue Claude Beauregard, 54740 Xirocourt, France
15 Rue Maréchal Foch, 54330 Vézelise, France
4 Rue Albert 1er, 54600 Villers-lès-Nancy, France
1 Place du Dr Raymond Midon, 54930 Diarville, France
10 Rue Pierre Mendès France, 54230 Chaligny, France
Rue des Cisterciens Clairlieu, 54600 Villers-lès-Nancy, France
Rue des Cisterciens Clairlieu, 54600 Villers-lès-Nancy, France
7 Lotissement Echo, 54740 Benney, France
